"会社名","SOC","あなたの名刺所有枚数","全体の名刺所有枚数","最終名刺交換日","コンタクト登録数","最終コンタクト日","URL","郵便番号","住所","電話番号","代表者の役職名","代表者の氏名","主業：大分類","主業：中分類","従業：大分類","従業：中分類","従業員数","資本金（千円）","売上高（百万円）","決算年月","創業年月","設立年月","株式公開区分","法人番号","会社キーワード","企業動向","導入ITサービス","会社メモ"
"ＩＲいしかわ鉄道株式会社","8856663756977","","","","","","","920-0000","石川県金沢市高柳町九1-1","","","","","","","","","","","","","","","7220001018698","","","",""
"アイジーアールいわて銀河鉄道株式会社","3616127805541","","","","","","","020-0133","岩手県盛岡市青山二丁目2-8","","","","","","","","","","","","","","","3400001002068","","","",""
"愛知環状鉄道株式会社","3039443668287","","","","","","","444-0951","愛知県岡崎市北野町二番訳68","","","","","","","","","","","","","","","7180301000063","","","",""
"愛知高速交通株式会社","1393944138424","","","","","","","480-1342","愛知県長久手市茨ケ廻間1533-736","","","","","","","","","","","","","","","9180001068028","","","",""
"会津観光開発株式会社","6756471063789","","","","","","","965-0007","福島県会津若松市飯盛一丁目5-1","","","","","","","","","","","","","","","9380001017113","","","",""
"会津鉄道株式会社","6591727398376","","","","","","","965-0853","福島県会津若松市材木町一丁目3-20","","","","","","","","","","","","","","","3380001017143","","","",""
"あいの風とやま鉄道株式会社","7266672237535","","","","","","","930-0001","富山県富山市明輪町1-50","","","","","","","","","","","","","","","2230001014486","","","",""
"青い森鉄道株式会社","9702234727805","","","","","","","038-0011","青森県青森市篠田一丁目6-2","","","","","","","","","","","","","","","1420001005401","","","",""
"一般財団法人青森市文化観光振興財団","1401830716140","","","","","","","030-0812","青森県青森市堤町一丁目4-1","","","","","","","","","","","","","","","6420005000617","","","",""
"株式会社赤川索道","9747958273044","","","","","","","329-3152","栃木県那須塩原市島方658","","","","","","","","","","","","","","","2060001011294","","","",""
"秋田内陸縦貫鉄道株式会社","2427026848283","","","","","","","018-4613","秋田県北秋田市阿仁銀山下新町41-1","","","","","","","","","","","","","","","1410001006326","","","",""
"明知鉄道株式会社","9719580339655","","","","","","","509-7731","岐阜県恵那市明智町469-4","","","","","","","","","","","","","","","6200001024022","","","",""
"阿佐海岸鉄道株式会社","7294068540103","","","","","","","775-0501","徳島県海部郡海陽町宍喰浦正梶22-1","","","","","","","","","","","","","","","4480001006911","","","",""
"株式会社アタミ・ロープウエイ","3640672172537","","","","","","","413-0023","静岡県熱海市和田浜南町8-15","","","","","","","","","","","","","","","3080101012561","","","",""
"有限会社アップリフトリーダーシップセンター","3931684769398","","","","","","","906-0503","沖縄県宮古島市伊良部伊良部116","","","","","","","","","","","","","","","5360002012671","","","",""
"阿武隈急行株式会社","5689754041000","","","","","","","960-0773","福島県伊達市梁川町五反田100-1","","","","","","","","","","","","","","","8380001003238","","","",""
"甘木鉄道株式会社","3941364035661","","","","","","","838-0068","福岡県朝倉市甘木1320","","","","","","","","","","","","","","","5290001043923","","","",""
"天橋立総合事業株式会社","3788838200755","","","","","","","626-0001","京都府宮津市字文珠437","","","","","","","","","","","","","","","4130001040458","","","",""
"株式会社あららぎ","5439420015901","","","","","","","465-0032","愛知県名古屋市名東区藤が丘143","","","","","","","","","","","","","","","5180001001586","","","",""
"Ｒ＆Ｍリゾート株式会社","3950648387412","","","","","","","410-3208","静岡県伊豆市吉奈91-1","","","","","","","","","","","","","","","7110001020384","","","",""
"アルピナＢＩ株式会社","8412175821171","","","","","","","520-0514","滋賀県大津市木戸1547-1","","","","","","","","","","","","","","","5160001019077","","","",""
"飯綱東高原観光開発株式会社","3224680624235","","","","","","","150-0031","東京都渋谷区桜丘町1-2 渋谷サクラステージセントラルビル11階","","","","","","","","","","","","","","","4100003000578","","","",""
"医王アローザ株式会社","7197982690250","","","","","","","939-1681","富山県南砺市才川七スゝケ原115","","","","","","","","","","","","","","","4230001008692","","","",""
"伊賀鉄道株式会社","8444451644392","","","","","","","518-0873","三重県伊賀市上野丸之内61-2","","","","","","","","","","","","","","","5190001009216","","","",""
"池観光開発株式会社","5567881808196","","","","","","","413-0234","静岡県伊東市池672-2","","","","","","","","","","","","","","","5080101013327","","","",""
"石鎚登山ロープウェイ株式会社","5483332490745","","","","","","","793-0000","愛媛県西条市西之川下谷甲81","","","","","","","","","","","","","","","1500001008874","","","",""
"いすみ鉄道株式会社","4257575029740","","","","","","","298-0216","千葉県夷隅郡大多喜町大多喜264","","","","","","","","","","","","","","","5040001075140","","","",""
"伊豆急行株式会社","7745456622777","","","","","","","413-0232","静岡県伊東市八幡野1151","","","","","","","","","","","","","","","8080101013935","","","",""
"伊豆箱根鉄道株式会社","1403752161789","","","","","","","411-0803","静岡県三島市大場300","","","","","","","","","","","","","","","9080101005353","","","",""
"泉ヶ岳総合観光開発株式会社","1929120184749","","","","","","","981-3225","宮城県仙台市泉区福岡岳山9-4","","","","","","","","","","","","","","","5370001007052","","","",""
"伊勢鉄道株式会社","7252574783853","","","","","","","513-0817","三重県鈴鹿市桜島町一丁目20","","","","","","","","","","","","","","","4190001004820","","","",""
"一畑電車株式会社","3841127271203","","","","","","","691-0001","島根県出雲市平田町2226","","","","","","","","","","","","","","","5280001003754","","","",""
"株式会社伊那リゾート","3523823267579","","","","","","","399-4431","長野県伊那市西春近3390","","","","","","","","","","","","","","","5100001024272","","","",""
"一般財団法人猪苗代町振興公社","3070940266573","","","","","","","969-3283","福島県耶麻郡猪苗代町大字長田東中丸344-4","","","","","","","","","","","","","","","5380005007849","","","",""
"井原鉄道株式会社","1941323922513","","","","","","","715-0003","岡山県井原市東江原町695-1","","","","","","","","","","","","","","","4260001018169","","","",""
"伊予鉄道株式会社","7524405491630","","","","","","","790-0012","愛媛県松山市湊町四丁目4-1","","","","","","","","","","","","","","","7500001020510","","","",""
"株式会社岩木スカイライン","5903746815660","","","","","","","036-1345","青森県弘前市大字常盤野黒森56-2","","","","","","","","","","","","","","","3420001009615","","","",""
"株式会社岩﨑軌道","4350479490339","","","","","","","649-1221","和歌山県日高郡日高町大字志賀3434","","","","","","","","","","","","","","","7170001010231","","","",""
"株式会社岩岳リゾート","2158949290429","","","","","","","399-9301","長野県北安曇郡白馬村大字北城6329-1","","","","","","","","","","","","","","","9100001017140","","","",""
"岩手開発鉄道株式会社","5612394021266","","","","","","","022-0003","岩手県大船渡市盛町東町10-3","","","","","","","","","","","","","","","2402701000021","","","",""
"ＷＩＬＬＥＲ　ＴＲＡＩＮＳ株式会社","7367526060718","","","","","","","626-0041","京都府宮津市字鶴賀2065-4","","","","","","","","","","","","","","","1120001185166","","","",""
"宇治第一交通株式会社","7317542023658","","","","","","","611-0041","京都府宇治市槇島町大川原30-1","","","","","","","","","","","","","","","8130001032336","","","",""
"株式会社宇治吉田運送","2567788329912","","","","","","","611-0002","京都府宇治市木幡東中34-7","","","","","","","","","","","","","","","9130001032376","","","",""
"株式会社裏磐梯高原ホテル","1063472395641","","","","","","","969-2701","福島県耶麻郡北塩原村大字桧原湯平山1171","","","","","","","","","","","","","","","8380001018590","","","",""
"叡山電鉄株式会社","6938542054740","","","","","","","606-8007","京都府京都市左京区山端壱町田町8-80","","","","","","","","","","","","","","","4130001005989","","","",""
"株式会社Ｓ＆Ｔ観光開発","8490087969315","","","","","","","381-0401","長野県下高井郡山ノ内町大字平穏7148","","","","","","","","","","","","","","","5100001031351","","","",""
"えちぜん鉄道株式会社","2052161498330","","","","","","","918-0000","福井県福井市松本上町15-3-1","","","","","","","","","","","","","","","4210001004850","","","",""
"有限会社江藤索道","9568528016661","","","","","","","877-0063","大分県日田市串川町2-2438-1","","","","","","","","","","","","","","","7320002018893","","","",""
"江ノ島電鉄株式会社","1775687243649","","","","","","","251-0035","神奈川県藤沢市片瀬海岸一丁目4-7","","","","","","","","","","","","","","","7021001000294","","","",""
"株式会社Ｍ・Ｋリフト","8600424854670","","","","","","","007-0836","北海道札幌市東区北三十六条東二十七丁目2-1 603号","","","","","","","","","","","","","","","3430001070806","","","",""
"近江鉄道株式会社","5931368394313","","","","","","","522-0010","滋賀県彦根市駅東町15-1","","","","","","","","","","","","","","","1160001008109","","","",""
"大井川鐵道株式会社","7685090363392","","","","","","","428-0013","静岡県島田市金谷東二丁目1112-2","","","","","","","","","","","","","","","1080001013422","","","",""
"大分高速鉄道保有株式会社","5920759170035","","","","","","","870-0022","大分県大分市大手町三丁目1-1","","","","","","","","","","","","","","","6320001003138","","","",""
"株式会社大阪港トランスポートシステム","1950164122264","","","","","","","559-0031","大阪府大阪市住之江区南港東四丁目10-108","","","","","","","","","","","","","","","3120001031962","","","",""
"大阪市高速電気軌道株式会社","4864864516889","","","","","","","550-0025","大阪府大阪市西区九条南一丁目12-62","","","","","","","","","","","","","","","6120001206256","","","",""
"大阪外環状鉄道株式会社","1794192814233","","","","","","","541-0042","大阪府大阪市中央区今橋二丁目3-21","","","","","","","","","","","","","","","2120001072553","","","",""
"大阪モノレール株式会社","5795461856250","","","","","","","565-0826","大阪府吹田市千里万博公園1-8","","","","","","","","","","","","","","","1120901023210","","","",""
"大阪モノレールサービス株式会社","3939421790777","","","","","","","565-0826","大阪府吹田市千里万博公園1-8","","","","","","","","","","","","","","","2120901023085","","","",""
"大山観光開発株式会社","7530699123581","","","","","","","930-1454","富山県富山市原55","","","","","","","","","","","","","","","4230001005228","","","",""
"大町温泉観光株式会社","1615631228250","","","","","","","398-0001","長野県大町市平4819","","","","","","","","","","","","","","","5100001033331","","","",""
"大山観光電鉄株式会社","5138137240794","","","","","","","259-1107","神奈川県伊勢原市大山667","","","","","","","","","","","","","","","4021001020989","","","",""
"岡山電気軌道株式会社","8175662127106","","","","","","","703-8291","岡山県岡山市中区徳吉町二丁目8-22","","","","","","","","","","","","","","","6260001001189","","","",""
"沖縄都市モノレール株式会社","6728602131451","","","","","","","901-0143","沖縄県那覇市字安次嶺377-2","","","","","","","","","","","","","","","4360001000447","","","",""
"奥伊吹森林レク株式会社","8109620241828","","","","","","","521-0301","滋賀県米原市甲津原530","","","","","","","","","","","","","","","7160001006486","","","",""
"奥木曽グリーンリゾート株式会社","6740796504486","","","","","","","399-6202","長野県木曽郡木祖村大字菅2857-16","","","","","","","","","","","","","","","3100001017897","","","",""
"株式会社奥志賀高原リゾート","1164854912434","","","","","","","381-0405","長野県下高井郡山ノ内町大字夜間瀬大沢12377-17","","","","","","","","","","","","","","","4100001012402","","","",""
"奥飛観光開発株式会社","1825656477346","","","","","","","506-0053","岐阜県高山市昭和町一丁目165-1","","","","","","","","","","","","","","","6200001024740","","","",""
"小田急電鉄株式会社","9391273092215","","","","","","","160-0023","東京都新宿区西新宿二丁目7-1 新宿第一生命ビルディング","","","","","","","","","","","","","","","1011001005060","","","",""
"株式会社小田急箱根","7836067296815","","","","","","","250-0003","神奈川県小田原市東町五丁目33-1","","","","","","","","","","","","","","","8021001033616","","","",""
"有限会社オバラ通信工業","6361523379104","","","","","","","326-0022","栃木県足利市常見町二丁目7-12","","","","","","","","","","","","","","","2060002035730","","","",""
"株式会社鹿島槍","4368178795560","","","","","","","398-0001","長野県大町市平20490-4","","","","","","","","","","","","","","","6100001023802","","","",""
"鹿島臨海鉄道株式会社","7831360472614","","","","","","","311-1307","茨城県東茨城郡大洗町桜道301","","","","","","","","","","","","","","","7050001007198","","","",""
"株式会社加藤工業","2413651425813","","","","","","","292-0022","千葉県木更津市上望陀375","","","","","","","","","","","","","","","3040001052769","","","",""
"神奈川臨海鉄道株式会社","7312398593745","","","","","","","210-0007","神奈川県川崎市川崎区駅前本町11-2","","","","","","","","","","","","","","","1020001072440","","","",""
"上飯田連絡線株式会社","3068353253736","","","","","","","460-0002","愛知県名古屋市中区丸の内三丁目19-30","","","","","","","","","","","","","","","8180001035268","","","",""
"川場リゾート株式会社","1026417219922","","","","","","","378-0101","群馬県利根郡川場村大字谷地2755-2","","","","","","","","","","","","","","","2070001023314","","","",""
"関東鉄道株式会社","3297452700083","","","","","","","300-0847","茨城県土浦市卸町一丁目1-1 関鉄つくばビル","","","","","","","","","","","","","","","8050001009061","","","",""
"岳南電車株式会社","3334238896608","","","","","","","417-0001","静岡県富士市今泉一丁目17-39","","","","","","","","","","","","","","","1080101016985","","","",""
"月山観光開発株式会社","2428833578768","","","","","","","990-0703","山形県西村山郡西川町大字間沢59","","","","","","","","","","","","","","","5390001012091","","","",""
"ガラナアーバンモビリティ株式会社","5694606842356","","","","","","","100-0004","東京都千代田区大手町一丁目2-1","","","","","","","","","","","","","","","5010001163757","","","",""
"株式会社ガーラ湯沢","9870644404831","","","","","","","949-6101","新潟県南魚沼郡湯沢町大字湯沢茅平1039-2","","","","","","","","","","","","","","","1110001026643","","","",""
"紀州鉄道株式会社","3202012306640","","","","","","","103-0015","東京都中央区日本橋箱崎町1-7","","","","","","","","","","","","","","","3010001014573","","","",""
"北大阪急行電鉄株式会社","3220259196212","","","","","","","561-0872","大阪府豊中市寺内二丁目4-1","","","","","","","","","","","","","","","5120901023396","","","",""
"北九州貨物鉄道施設保有株式会社","9751308762808","","","","","","","800-0057","福岡県北九州市門司区大里新町11-1","","","","","","","","","","","","","","","4290801005248","","","",""
"北九州高速鉄道株式会社","7687412572885","","","","","","","802-0981","福岡県北九州市小倉南区企救丘二丁目13-1","","","","","","","","","","","","","","","3290801000844","","","",""
"北近畿タンゴ鉄道株式会社","9802661638233","","","","","","","626-0047","京都府宮津市字外側2500-2","","","","","","","","","","","","","","","2130001042043","","","",""
"北志賀藤田観光株式会社","9636270330643","","","","","","","381-0405","長野県下高井郡山ノ内町大字夜間瀬11494","","","","","","","","","","","","","","","5100001012434","","","",""
"株式会社北志賀竜王","5206160035429","","","","","","","381-0405","長野県下高井郡山ノ内町大字夜間瀬11700","","","","","","","","","","","","","","","2100001012288","","","",""
"株式会社北八ヶ岳リゾート","5907533045885","","","","","","","391-0301","長野県茅野市北山4035","","","","","","","","","","","","","","","6100001019486","","","",""
"衣浦臨海鉄道株式会社","1777643911358","","","","","","","475-0831","愛知県半田市十一号地19-2","","","","","","","","","","","","","","","2180001091647","","","",""
"鬼怒高原開発株式会社","1365866266082","","","","","","","321-2522","栃木県日光市鬼怒川温泉大原1414","","","","","","","","","","","","","","","4060001008677","","","",""
"城崎観光株式会社","3681613516916","","","","","","","669-6101","兵庫県豊岡市城崎町湯島806-1","","","","","","","","","","","","","","","9140001056184","","","",""
"九州旅客鉄道株式会社","9727348547654","2","2","2025/07/14","0","","https://www.jrkyushu.co.jp/company/","812-0011","福岡県福岡市博多区博多駅前三丁目25-21","092-474-2501","代表取締役社長執行役員","古宮洋二","運輸、郵便","鉄道","不動産","不動産仲介","5,000 ～ 10,000","10,000,000 ～ 100,000,000","100,000 ～ 300,000","2025/03","","1987/04","公開","6290001012621","貨物鉄道,旅客鉄道,金融,駐車場,倉庫,旅客自動車運送,海上運送,広告,旅行,JR-K,JR九州,マンション販売,ビル管理・メンテナンス,マンション賃貸,テナント賃貸,オフィス（事務所）賃貸,ビートル","2026新卒募集企業,2027新卒インターン募集企業,2027新卒募集企業,2028新卒インターン募集企業,DX認定事業者,ISO認定取得企業,SDGs・ESG推進企業,WEB分析ツール利用,エンジニアを採用募集している企業,キャッシュレス決済導入企業,キャンペーン実施企業,中途採用企業,全省庁統一資格保有企業,地域貢献活動を推進している企業,売上1000億以上,売上300億円以上,売上50億円以上,展示会その他,展示会ニュース発表企業,展示会全体,従業員500人以上,新商品リリース企業,新規拠点・店舗立ち上げ企業,特許出願企業,省エネ法対象業者,表彰企業,補助金受領企業","Akamai,Apple Business Manager,Autobahn for AppExchange,Display & Video 360,Google Cloud CDN,Google Fonts,Google Play,Google Site Verification,Google アナリティクス,Google カスタム検索エンジン,Googleタグマネージャ,Google広告,Microsoft365,Rtoaster,Synergy!,Trend Micro Email Security,Yahoo! タグマネージャー,Yahoo! 広告,YouTube,eTransporter powered by AXLBOX,メディアギャラクシー",""
"有限会社協栄索道","3367383118214","","","","","","","405-0012","山梨県山梨市東後屋敷576-1","","","","","","","","","","","","","","","9090002011029","","","",""
"京都地下鉄整備株式会社","7034295322845","","","","","","","607-8013","京都府京都市山科区安朱中小路町15-4","","","","","","","","","","","","","","","6130001004188","","","",""
"株式会社共立ＯＭ","1866664244529","","","","","","","061-2286","北海道札幌市南区藤野六条九丁目3-1","","","","","","","","","","","","","","","9430001004766","","","",""
"近畿日本鉄道株式会社","8980019215239","","","","","","","543-0001","大阪府大阪市天王寺区上本町六丁目1-55","","","","","","","","","","","","","","","5120001183629","","","",""
"岐阜観光索道株式会社","9986634310998","","","","","","","500-8004","岐阜県岐阜市千畳敷下257","","","","","","","","","","","","","","","7200001001227","","","",""
"株式会社銀嶺観光","2957239500495","","","","","","","949-2141","新潟県妙高市大字関山 妙高山国有林第28林班","","","","","","","","","","","","","","","3110001020347","","","",""
"久手観光開発株式会社","9031724313171","","","","","","","506-2252","岐阜県高山市丹生川町久手446-1","","","","","","","","","","","","","","","6200001024807","","","",""
"くま川鉄道株式会社","4995680936136","","","","","","","868-0008","熊本県人吉市中青井町265","","","","","","","","","","","","","","","9330001015889","","","",""
"熊本電気鉄道株式会社","2840750346822","","","","","","","860-0862","熊本県熊本市中央区黒髪三丁目7-29","","","","","","","","","","","","","","","1330001001517","","","",""
"栗栖野観光株式会社","3175545937785","","","","","","","669-5372","兵庫県豊岡市日高町栗栖野739-1","","","","","","","","","","","","","","","8140001056251","","","",""
"株式会社クレイエンジニアリング","4614836695754","","","","","","","238-0011","神奈川県横須賀市米が浜通一丁目5-17 ライオンズマンションK. I横須賀中央201号室","","","","","","","","","","","","","","","7021001042881","","","",""
"黒部峡谷鉄道株式会社","3281516014314","","","","","","","938-0283","富山県黒部市黒部峡谷口11","","","","","","","","","","","","","","","7230001007642","","","",""
"群馬スノーアライアンス株式会社","9284041461189","","","","","","","379-1614","群馬県利根郡みなかみ町寺間479-139","","","","","","","","","","","","","","","2070001023495","","","",""
"京王電鉄株式会社","5381733019198","","","","","","","206-0011","東京都多摩市関戸一丁目9-1","","","","","","","","","","","","","","","3011101005999","","","",""
"京成電鉄株式会社","2654588222522","","","","","","","272-0021","千葉県市川市八幡三丁目3-1","","","","","","","","","","","","","","","7010601012155","","","",""
"京阪電気鉄道株式会社","1455390178066","","","","","","","573-0032","大阪府枚方市岡東町19-1 ステーションヒル枚方オフィスA7F受付","","","","","","","","","","","","","","","5120001189816","","","",""
"株式会社京阪ビジネスマネジメント","4744854985156","","","","","","","540-0008","大阪府大阪市中央区大手前一丁目7-31","","","","","","","","","","","","","","","8120001106859","","","",""
"京浜急行電鉄株式会社","3208856474007","","","","","","","220-0011","神奈川県横浜市西区高島一丁目2-8","","","","","","","","","","","","","","","7010401009277","","","",""
"京福電気鉄道株式会社","6353015368204","","","","","","","604-8811","京都府京都市中京区壬生賀陽御所町3-20","","","","","","","","","","","","","","","6130001020672","","","",""
"京葉臨海鉄道株式会社","9035412878642","","","","","","","260-0028","千葉県千葉市中央区新町18-14","","","","","","","","","","","","","","","2040001002188","","","",""
"弘南鉄道株式会社","7014420478871","","","","","","","036-0103","青森県平川市本町北柳田23-5","","","","","","","","","","","","","","","8420001010056","","","",""
"弘南バス株式会社","4985033441259","","","","","","","036-8326","青森県弘前市大字藤野二丁目3-6","","","","","","","","","","","","","","","2420001009054","","","",""
"江府町地域振興株式会社","8783748005648","","","","","","","689-4424","鳥取県日野郡江府町大字御机810-1","","","","","","","","","","","","","","","3270001003971","","","",""
"神戸新交通株式会社","9243002176478","","","","","","","650-0045","兵庫県神戸市中央区港島六丁目6-1","","","","","","","","","","","","","","","7140001011983","","","",""
"神戸電鉄株式会社","1918831648929","","","","","","","652-0811","兵庫県神戸市兵庫区新開地一丁目3-24","","","","","","","","","","","","","","","8140001015612","","","",""
"神戸リゾートサービス株式会社","4980036231752","","","","","","","650-0002","兵庫県神戸市中央区北野町一丁目4-3","","","","","","","","","","","","","","","7140001031957","","","",""
"神戸リフト工業有限会社","1066732614174","","","","","","","657-0862","兵庫県神戸市灘区浜田町二丁目3-11","","","","","","","","","","","","","","","9140002004051","","","",""
"神戸六甲鉄道株式会社","6538208833441","","","","","","","657-0101","兵庫県神戸市灘区六甲山町一ケ谷1-32 六甲山上駅2F","","","","","","","","","","","","","","","9140001004300","","","",""
"学校法人広陵学園","8915519900072","","","","","","","731-3164","広島県広島市安佐南区伴東三丁目14-1","","","","","","","","","","","","","","","3240005001520","","","",""
"小西軌道株式会社","1709100384909","","","","","","","583-0873","大阪府羽曳野市桃山台四丁目111-1 117","","","","","","","","","","","","","","","9120101035841","","","",""
"小湊鉄道株式会社","1106478884896","","","","","","","290-0054","千葉県市原市五井中央東一丁目1-2","","","","","","","","","","","","","","","8040001053928","","","",""
"株式会社五ケ瀬ハイランド","2801363835028","","","","","","","882-1201","宮崎県西臼杵郡五ヶ瀬町大字鞍岡4647-171","","","","","","","","","","","","","","","7350001007300","","","",""
"御在所ロープウエイ株式会社","5894752026429","","","","","","","510-1233","三重県三重郡菰野町大字菰野8625","","","","","","","","","","","","","","","6190001017382","","","",""
"埼玉高速鉄道株式会社","1457030184125","","","","","","","336-0967","埼玉県さいたま市緑区美園四丁目12","","","","","","","","","","","","","","","3030001003005","","","",""
"埼玉新都市交通株式会社","1339599674876","","","","","","","362-0806","埼玉県北足立郡伊奈町大字小室288","","","","","","","","","","","","","","","5030001042348","","","",""
"嵯峨野観光鉄道株式会社","8966696770566","","","","","","","616-8373","京都府京都市右京区嵯峨天龍寺車道町","","","","","","","","","","","","","","","6130001000831","","","",""
"相模鉄道株式会社","6960822094540","","","","","","","220-0004","神奈川県横浜市西区北幸二丁目9-14","","","","","","","","","","","","","","","5020001022615","","","",""
"株式会社札幌リゾート開発公社","6913440108479","","","","","","","061-2301","北海道札幌市南区定山渓937 先","","","","","","","","","","","","","","","3430001020471","","","",""
"株式会社サービスマーケティング","8212302108495","","","","","","","112-0012","東京都文京区大塚二丁目4-8 705号","","","","","","","","","","","","","","","8070001028605","","","",""
"皿倉登山鉄道株式会社","8290424083091","","","","","","","805-0057","福岡県北九州市八幡東区大字尾倉1481-1","","","","","","","","","","","","","","","5290801009421","","","",""
"三岐鉄道株式会社","5472496813699","","","","","","","510-8014","三重県四日市市富田三丁目22-83","","","","","","","","","","","","","","","5190001014950","","","",""
"サンメドウズ清里株式会社","3353119817589","","","","","","","409-1501","山梨県北杜市大泉町西井出8240-1","","","","","","","","","","","","","","","8090001014330","","","",""
"山陽電気鉄道株式会社","9393773728867","","","","","","","653-0843","兵庫県神戸市長田区御屋敷通三丁目1-1","","","","","","","","","","","","","","","8140001016148","","","",""
"三陸鉄道株式会社","6049231414146","","","","","","","027-0076","岩手県宮古市栄町4","","","","","","","","","","","","","","","9400001000710","","","",""
"蔵王温泉観光株式会社","7577285296493","","","","","","","990-2301","山形県山形市蔵王温泉18 蔵王ベースセンタージュピア内","","","","","","","","","","","","","","","3390001000676","","","",""
"蔵王観光開発株式会社","3349246314887","","","","","","","990-2492","山形県山形市鉄砲町二丁目13-18","","","","","","","","","","","","","","","4390001000683","","","",""
"株式会社蔵王サンライズ観光","3405020001182","","","","","","","990-2301","山形県山形市蔵王温泉荒敷832","","","","","","","","","","","","","","","8390001000688","","","",""
"蔵王ライザワールド株式会社","5325305796693","","","","","","","990-2492","山形県山形市鉄砲町二丁目13-18","","","","","","","","","","","","","","","5390001015466","","","",""
"蔵王ロープウエイ株式会社","5523396618749","","","","","","","990-2301","山形県山形市蔵王温泉229","","","","","","","","","","","","","","","9390001000654","","","",""
"四至本軌道建設株式会社","4078358416249","","","","","","","640-8404","和歌山県和歌山市湊1820-201","","","","","","","","","","","","","","","6170001014200","","","",""
"志賀高原リゾート開発株式会社","5382442332515","","","","","","","381-0401","長野県下高井郡山ノ内町大字平穏7149","","","","","","","","","","","","","","","1100001012215","","","",""
"信楽高原鐵道株式会社","7802666874021","","","","","","","529-1851","滋賀県甲賀市信楽町長野192","","","","","","","","","","","","","","","3160001005541","","","",""
"四国ケーブル株式会社","4726659144292","","","","","","","761-0121","香川県高松市牟礼町牟礼3378-3","","","","","","","","","","","","","","","4470001000114","","","",""
"四国旅客鉄道株式会社","2977705499412","","","","","","","760-0011","香川県高松市浜ノ町8-33","","","","","","","","","","","","","","","1470001002014","","","",""
"静岡鉄道株式会社","3416822554548","","","","","","","420-0839","静岡県静岡市葵区鷹匠一丁目1-1","","","","","","","","","","","","","","","8080001002864","","","",""
"しなの鉄道株式会社","4309176309220","","","","","","","386-0018","長野県上田市常田一丁目3-39","","","","","","","","","","","","","","","9100001010566","","","",""
"芝山鉄道株式会社","5600146830042","","","","","","","289-1601","千葉県山武郡芝山町香山新田148-1","","","","","","","","","","","","","","","7040001061353","","","",""
"士別軌道株式会社","9315011481074","","","","","","","095-0022","北海道士別市西二条六丁目1931","","","","","","","","","","","","","","","6450001007522","","","",""
"島原鉄道株式会社","8612296264405","","","","","","","855-0861","長崎県島原市下川尻町72-76","","","","","","","","","","","","","","","5310001009649","","","",""
"下田ロープウェイ株式会社","9897386964190","","","","","","","415-0035","静岡県下田市東本郷一丁目3-2","","","","","","","","","","","","","","","4080101014508","","","",""
"首都圏新都市鉄道株式会社","5706666544282","","","","","","","101-0022","東京都千代田区神田練塀町85 JEBL秋葉原スクエア","","","","","","","","","","","","","","","3010501015419","","","",""
"昇仙峡ロープウェイ株式会社","3455369962554","","","","","","","400-1217","山梨県甲府市猪狩町441","","","","","","","","","","","","","","","8090001001114","","","",""
"小豆島総合開発株式会社","3547743184080","","","","","","","761-4411","香川県小豆郡小豆島町安田甲144-88","","","","","","","","","","","","","","","6470001012289","","","",""
"湘南モノレール株式会社","3934023314533","","","","","","","248-0022","神奈川県鎌倉市常盤18","","","","","","","","","","","","","","","8021001009203","","","",""
"株式会社信成工業","2834666982095","","","","","","","802-0986","福岡県北九州市小倉南区志井鷹羽台28-14","","","","","","","","","","","","","","","4290801019198","","","",""
"有限会社ジェイアールエス","5176436464890","","","","","","","140-0013","東京都品川区南大井六丁目24-14","","","","","","","","","","","","","","","3010702010053","","","",""
"株式会社ジェイアール貨物・北関東ロジスティクス","4770494533485","","","","","","","370-1201","群馬県高崎市倉賀野町1757","","","","","","","","","","","","","","","2070001007440","","","",""
"株式会社ジェイアール貨物・西日本ロジスティクス","4110968640894","","","","","","","530-0012","大阪府大阪市北区芝田二丁目4-24","","","","","","","","","","","","","","","4260001002718","","","",""
"株式会社ＪＲ東海交通事業","8706562363505","","","","","","","452-0815","愛知県名古屋市西区八筋町8-1","","","","","","","","","","","","","","","8180001026300","","","",""
"株式会社ＪＲ西日本中国交通サービス","8643918468106","","","","","","","732-0056","広島県広島市東区上大須賀町16-1 広島駅西高架下3階","","","","","","","","","","","","","","","4240001057722","","","",""
"ジェイ・マウンテンズ・セントラル株式会社","1018761704345","","","","","","","395-0304","長野県下伊那郡阿智村智里3731-4","","","","","","","","","","","","","","","4100001022913","","","",""
"上信電鉄株式会社","4610395555088","","","","","","","370-0848","群馬県高崎市鶴見町51","","","","","","","","","","","","","","","5070001007099","","","",""
"上毛電気鉄道株式会社","1758262547996","","","","","","","371-0016","群馬県前橋市城東町四丁目1-1","","","","","","","","","","","","","","","1070001001485","","","",""
"スカイレールサービス株式会社","3719181869865","","","","","","","739-0311","広島県広島市安芸区瀬野一丁目41-21","","","","","","","","","","","","","","","1240001005163","","","",""
"株式会社菅平スキーハウス","7545849967781","","","","","","","386-2204","長野県上田市菅平高原1223","","","","","","","","","","","","","","","3100001010423","","","",""
"株式会社スノーエリアマネジメント白山","2824128636587","","","","","","","920-2333","石川県白山市尾添リ63","","","","","","","","","","","","","","","9220001010785","","","",""
"西濃鉄道株式会社","2055066007263","","","","","","","503-2213","岐阜県大垣市赤坂町173-1","","","","","","","","","","","","","","","2200001013813","","","",""
"西武鉄道株式会社","8136916310273","","","","","","","171-0022","東京都豊島区南池袋一丁目16-15","","","","","","","","","","","","","","","4013301006264","","","",""
"瀬戸大橋高速鉄道保有株式会社","7051588935121","","","","","","","700-0023","岡山県岡山市北区駅前町二丁目1-7","","","","","","","","","","","","","","","5260001008334","","","",""
"仙台空港鉄道株式会社","7973135308044","","","","","","","981-1227","宮城県名取市杜せきのした五丁目34","","","","","","","","","","","","","","","6370801001096","","","",""
"仙台臨海鉄道株式会社","2854023356939","","","","","","","983-0001","宮城県仙台市宮城野区港四丁目11-2","","","","","","","","","","","","","","","3370001006675","","","",""
"全但バス株式会社","8476679971171","","","","","","","667-0021","兵庫県養父市八鹿町八鹿113-1","","","","","","","","","","","","","","","4140001046537","","","",""
"空知リゾートシティ株式会社","5639141218036","","","","","","","068-0004","北海道岩見沢市四条東一丁目6-1","","","","","","","","","","","","","","","6430001046522","","","",""
"高尾登山電鉄株式会社","5588882598810","","","","","","","193-0844","東京都八王子市高尾町2205","","","","","","","","","","","","","","","8010101002275","","","",""
"高千穂あまてらす鉄道株式会社","9177295049743","","","","","","","882-1101","宮崎県西臼杵郡高千穂町大字三田井1425-1","","","","","","","","","","","","","","","4350001007352","","","",""
"高松琴平電気鉄道株式会社","2795906916304","","","","","","","760-0073","香川県高松市栗林町二丁目19-20","","","","","","","","","","","","","","","1470001002410","","","",""
"滝口藤和軌道工業株式会社","8342538682068","","","","","","","215-0035","神奈川県川崎市麻生区黒川657-1 セントラルハイツ203","","","","","","","","","","","","","","","1021001023474","","","",""
"田沢湖高原リフト株式会社","7499408024188","","","","","","","014-1201","秋田県仙北市田沢湖生保内下高野73-2","","","","","","","","","","","","","","","6410001008532","","","",""
"立山黒部貫光株式会社","9857683401119","","","","","","","930-0003","富山県富山市桜町一丁目1-36","","","","","","","","","","","","","","","3230001001632","","","",""
"有限会社谷崎軌道","3254866762219","","","","","","","028-7801","岩手県久慈市侍浜町堀切第十一地割54-100","","","","","","","","","","","","","","","6400002012930","","","",""
"多摩都市モノレール株式会社","4530732854560","","","","","","","190-0015","東京都立川市泉町1078-92","","","","","","","","","","","","","","","7012801000889","","","",""
"丹後海陸交通株式会社","3047918011744","","","","","","","629-2301","京都府与謝郡与謝野町字上山田641-1","","","","","","","","","","","","","","","1130001040543","","","",""
"玉原東急リゾート株式会社","2165590187094","","","","","","","378-0071","群馬県沼田市上発知町迦葉山丙350-1","","","","","","","","","","","","","","","6070001022972","","","",""
"有限会社第一軌道建設","2642006124136","","","","","","","662-0856","兵庫県西宮市城ケ堀町2-22","","","","","","","","","","","","","","","5140002060759","","","",""
"大鉄軌道工業株式会社","6592591238753","","","","","","","319-3533","茨城県久慈郡大子町大字下金沢2291","","","","","","","","","","","","","","","1050001026963","","","",""
"大都開発株式会社","6828634252840","","","","","","","378-0413","群馬県利根郡片品村大字越本2990","","","","","","","","","","","","","","","5070001023617","","","",""
"株式会社ダイニチ","6479700474105","","","","","","","134-0081","東京都江戸川区北葛西五丁目28-21","","","","","","","","","","","","","","","7011701015907","","","",""
"大日株式会社","7420271569890","","","","","","","410-2211","静岡県伊豆の国市長岡260-1","","","","","","","","","","","","","","","7011701004736","","","",""
"株式会社ダンケジャパン","4694803453076","","","","","","","070-8025","北海道旭川市神居町富岡555-2","","","","","","","","","","","","","","","2450001001834","","","",""
"筑豊電気鉄道株式会社","1462056988417","","","","","","","809-0022","福岡県中間市鍋山町1-6","","","","","","","","","","","","","","","9290801011398","","","",""
"智頭急行株式会社","7664423203833","","","","","","","689-1402","鳥取県八頭郡智頭町大字智頭2052-1","","","","","","","","","","","","","","","4270001000456","","","",""
"秩父鉄道株式会社","5969675199612","","","","","","","360-0033","埼玉県熊谷市曙町一丁目1","","","","","","","","","","","","","","","6030001085016","","","",""
"千葉都市モノレール株式会社","9121845902283","","","","","","","263-0012","千葉県千葉市稲毛区萩台町199-1","","","","","","","","","","","","","","","8040001004815","","","",""
"中央アルプス観光株式会社","5194770019135","","","","","","","399-4117","長野県駒ヶ根市赤穂759-489","","","","","","","","","","","","","","","1100001021298","","","",""
"中央バスニセコ観光開発株式会社","4728255521729","","","","","","","048-1511","北海道虻田郡ニセコ町字ニセコ485","","","","","","","","","","","","","","","3430001050898","","","",""
"中部国際空港連絡鉄道株式会社","5380557240100","","","","","","","460-0002","愛知県名古屋市中区丸の内三丁目19-30","","","","","","","","","","","","","","","4180001048166","","","",""
"中部スノーアライアンス株式会社","8604913677729","","","","","","","501-5305","岐阜県郡上市高鷲町西洞3086-1","","","","","","","","","","","","","","","2200001026699","","","",""
"銚子電気鉄道株式会社","3053618058727","","","","","","","288-0056","千葉県銚子市新生町二丁目297","","","","","","","","","","","","","","","5040001062287","","","",""
"栂池観光開発株式会社","1670340873254","","","","","","","399-9422","長野県北安曇郡小谷村大字千国乙12840-1","","","","","","","","","","","","","","","6100001017325","","","",""
"栂池ゴンドラリフト株式会社","1704954958676","","","","","","","399-9422","長野県北安曇郡小谷村大字千国乙12840-1","","","","","","","","","","","","","","","5100001017326","","","",""
"株式会社ツギテの三共","6451067085306","","","","","","","047-0032","北海道小樽市稲穂四丁目1-1","","","","","","","","","","","","","","","3430001050320","","","",""
"筑波観光鉄道株式会社","2109695298083","","","","","","","300-4352","茨城県つくば市筑波1","","","","","","","","","","","","","","","5050001015822","","","",""
"株式会社ＴＨリゾート","7178650699991","","","","","","","990-2301","山形県山形市蔵王温泉950-2","","","","","","","","","","","","","","","2390001013324","","","",""
"公益財団法人鉄道総合技術研究所","5738987165747","","","","","","","185-0034","東京都国分寺市光町二丁目8-38","","","","","","","","","","","","","","","3012405002559","","","",""
"株式会社天元台","7927455554862","","","","","","","992-1461","山形県米沢市大字李山12","","","","","","","","","","","","","","","8390001010308","","","",""
"天竜浜名湖鉄道株式会社","9005518544449","","","","","","","431-3311","静岡県浜松市天竜区二俣町阿蔵114-2","","","","","","","","","","","","","","","5080401010577","","","",""
"東海旅客鉄道株式会社","1921209016269","","","","","","","450-0002","愛知県名古屋市中村区名駅一丁目1-4 JRセントラルタワーズ","","","","","","","","","","","","","","","3180001031569","","","",""
"東急株式会社","7925549891542","","","","","","","150-0036","東京都渋谷区南平台町5-6","","","","","","","","","","","","","","","7011001016291","","","",""
"東急軌道工業株式会社","8628272646658","","","","","","","211-0006","神奈川県川崎市中原区丸子通二丁目421-5","","","","","","","","","","","","","","","4011001016600","","","",""
"東急電鉄株式会社","3881815732567","","","","","","","150-0045","東京都渋谷区神泉町8-16","","","","","","","","","","","","","","","2011001127829","","","",""
"東京地下鉄株式会社","3497187405154","","","","","","","110-0015","東京都台東区東上野三丁目19-6","","","","","","","","","","","","","","","4010501022810","","","",""
"東京モノレール株式会社","5886868435344","","","","","","","105-0013","東京都港区浜松町二丁目4-1 世界貿易センタービルディング南館10階","","","","","","","","","","","","","","","4010401020947","","","",""
"有限会社東京リフトサービス","1254574899700","","","","","","","120-0013","東京都足立区弘道二丁目7-11","","","","","","","","","","","","","","","6011802016160","","","",""
"東京臨海高速鉄道株式会社","9073884965814","","","","","","","135-0064","東京都江東区青海一丁目2-1","","","","","","","","","","","","","","","3010601023924","","","",""
"東武鉄道株式会社","2973713662048","","","","","","","131-0045","東京都墨田区押上一丁目1-2","","","","","","","","","","","","","","","6010601014508","","","",""
"東葉高速鉄道株式会社","5234383697183","","","","","","","276-0049","千葉県八千代市緑が丘一丁目1120-3","","","","","","","","","","","","","","","9040001021025","","","",""
"戸狩温泉スキー場株式会社","5187101951750","","","","","","","389-2411","長野県飯山市大字豊田6356","","","","","","","","","","","","","","","6160001017600","","","",""
"土佐くろしお鉄道株式会社","5253432839276","","","","","","","787-0014","高知県四万十市駅前町7-1","","","","","","","","","","","","","","","9490001001543","","","",""
"とさでん交通株式会社","1166210804856","","","","","","","781-8010","高知県高知市桟橋通四丁目12-7","","","","","","","","","","","","","","","9490001007796","","","",""
"鳥取砂丘大山観光株式会社","1871576537875","","","","","","","689-0105","鳥取県鳥取市福部町湯山2083","","","","","","","","","","","","","","","4270001001025","","","",""
"富山地方鉄道株式会社","5338530248334","","","","","","","930-0003","富山県富山市桜町一丁目1-36","","","","","","","","","","","","","","","5230001002133","","","",""
"豊橋軌道工業株式会社","1483495113962","","","","","","","453-0013","愛知県名古屋市中村区亀島一丁目4-12","","","","","","","","","","","","","","","1180001031744","","","",""
"豊橋鉄道株式会社","7795581156557","","","","","","","440-0888","愛知県豊橋市駅前大通一丁目46-1 豊鉄ターミナルビル5F","","","","","","","","","","","","","","","4180301006600","","","",""
"有限会社トラベルネットワーク仙台","5998139287883","","","","","","","980-0004","宮城県仙台市青葉区宮町四丁目8-25","","","","","","","","","","","","","","","2370002015016","","","",""
"十和田観光電鉄株式会社","5086883929134","","","","","","","034-0011","青森県十和田市稲生町17-3","","","","","","","","","","","","","","","3420001012049","","","",""
"道後山観光株式会社","9759061399354","","","","","","","729-5611","広島県庄原市西城町三坂73","","","","","","","","","","","","","","","1240001024989","","","",""
"道南いさりび鉄道株式会社","1758527869353","","","","","","","040-0063","北海道函館市若松町12-5","","","","","","","","","","","","","","","3430001067100","","","",""
"道南軌道株式会社","7363075137762","","","","","","","041-1231","北海道北斗市向野二丁目17-5","","","","","","","","","","","","","","","8440001005178","","","",""
"株式会社中川リフト工業","2581672723073","","","","","","","930-0813","富山県富山市下赤江町二丁目12-21","","","","","","","","","","","","","","","5230001005573","","","",""
"中之島高速鉄道株式会社","2676628292239","","","","","","","540-0008","大阪府大阪市中央区大手前一丁目7-31 OMM8階","","","","","","","","","","","","","","","7120001099220","","","",""
"長崎電気軌道株式会社","1059223810138","","","","","","","852-8134","長崎県長崎市大橋町4-5","","","","","","","","","","","","","","","2310001001410","","","",""
"一般財団法人長崎ロープウェイ・水族館","9994068007235","","","","","","","852-8003","長崎県長崎市旭町8-23 ボナールビルディング404-2号室","","","","","","","","","","","","","","","3310005000795","","","",""
"長野電鉄株式会社","5460140612790","","","","","","","380-0833","長野県長野市大字鶴賀権堂町2201","","","","","","","","","","","","","","","7100001002441","","","",""
"長良川鉄道株式会社","2678071761623","","","","","","","501-3881","岐阜県関市元重町74-1","","","","","","","","","","","","","","","4200001019429","","","",""
"名古屋ガイドウェイバス株式会社","3753510777222","","","","","","","463-0801","愛知県名古屋市守山区竜泉寺二丁目301","","","","","","","","","","","","","","","3180001038952","","","",""
"名古屋鉄道株式会社","6913783436625","","","","","","","450-0002","愛知県名古屋市中村区名駅四丁目8-26","","","","","","","","","","","","","","","8180001031837","","","",""
"名古屋臨海高速鉄道株式会社","4777253713693","","","","","","","455-0831","愛知県名古屋市港区十一屋一丁目46","","","","","","","","","","","","","","","1180001046511","","","",""
"名古屋臨海鉄道株式会社","8197145273617","","","","","","","457-0819","愛知県名古屋市南区滝春町12-3","","","","","","","","","","","","","","","4180001015174","","","",""
"株式会社名寄振興公社","7827315039014","","","","","","","096-0066","北海道名寄市字日進","","","","","","","","","","","","","","","4450001007301","","","",""
"奈良生駒高速鉄道株式会社","9657857615458","","","","","","","630-0245","奈良県生駒市北新町10-40","","","","","","","","","","","","","","","1150001005065","","","",""
"成田空港高速鉄道株式会社","4687013266113","","","","","","","103-0004","東京都中央区東日本橋二丁目24-12","","","","","","","","","","","","","","","1010001052930","","","",""
"株式会社成田工業","7393323919916","","","","","","","230-0042","神奈川県横浜市鶴見区仲通二丁目62-9","","","","","","","","","","","","","","","4020001109388","","","",""
"成田高速鉄道アクセス株式会社","7134232638525","","","","","","","273-0005","千葉県船橋市本町二丁目10-14","","","","","","","","","","","","","","","1040001020372","","","",""
"南海電気鉄道株式会社","1899619568687","","","","","","","542-0076","大阪府大阪市中央区難波五丁目1-60","","","","","","","","","","","","","","","6120001077499","","","",""
"西大阪高速鉄道株式会社","4208754422017","","","","","","","553-0001","大阪府大阪市福島区海老江一丁目1-24 阪神星光ビルディング2階","","","","","","","","","","","","","","","2120001099217","","","",""
"西鉄人事サービス株式会社","3306334739430","","","","","","","810-0041","福岡県福岡市中央区大名一丁目4-1","","","","","","","","","","","","","","","6290001022050","","","",""
"株式会社西鉄ステーションサービス","4442327098650","","","","","","","810-0004","福岡県福岡市中央区渡辺通二丁目6-1","","","","","","","","","","","","","","","5290001020195","","","",""
"西日本鉄道株式会社","6324089232742","","","","","","","810-0001","福岡県福岡市中央区天神一丁目11-1 ONEFUKUOKABLDG. 10階","","","","","","","","","","","","","","","4290001009413","","","",""
"西日本旅客鉄道株式会社","6796933259706","","","","","","","530-0012","大阪府大阪市北区芝田二丁目4-24","","","","","","","","","","","","","","","1120001059675","","","",""
"ニセコワイス観光株式会社","5282873515169","","","","","","","044-0083","北海道虻田郡倶知安町字旭392","","","","","","","","","","","","","","","4430001051813","","","",""
"日東商事株式会社","9527617231236","","","","","","","999-3113","山形県上山市蔵王蔵王山2843-1","","","","","","","","","","","","","","","8390001004821","","","",""
"日本貨物鉄道株式会社","2481423683078","","","","","","","108-0075","東京都港区港南一丁目8-15 Wビル","","","","","","","","","","","","","","","7011001068366","","","",""
"日本スキー場開発株式会社","5239381151928","","","","","","","399-9301","長野県北安曇郡白馬村大字北城6329-1","","","","","","","","","","","","","","","6010001097087","","","",""
"一般社団法人日本地下鉄協会","4516137885644","","","","","","","101-0047","東京都千代田区内神田二丁目10-12","","","","","","","","","","","","","","","1010005017153","","","",""
"日本鉄道沿線活性化協会株式会社","4880773455429","","","","","","","331-0815","埼玉県さいたま市北区大成町四丁目76-1","","","","","","","","","","","","","","","8011601012680","","","",""
"株式会社ニユージャパン","5335182952252","","","","","","","068-0836","北海道岩見沢市上志文町452","","","","","","","","","","","","","","","1430001046592","","","",""
"株式会社野口軌道","8552311756918","","","","","","","343-0807","埼玉県越谷市赤山町二丁目127-10","","","","","","","","","","","","","","","2030001107780","","","",""
"鋸山ロープウェー株式会社","4897470225431","","","","","","","299-1861","千葉県富津市金谷4052-1","","","","","","","","","","","","","","","9040001051914","","","",""
"株式会社野沢温泉","2091303155130","","","","","","","389-2502","長野県下高井郡野沢温泉村大字豊郷7653","","","","","","","","","","","","","","","2100001011959","","","",""
"能勢電鉄株式会社","9339853607696","","","","","","","666-0121","兵庫県川西市平野一丁目35-2","","","","","","","","","","","","","","","3140001079570","","","",""
"のと鉄道株式会社","8297308681732","","","","","","","927-0000","石川県鳳珠郡穴水町字大町チ24-2","","","","","","","","","","","","","","","5220001016828","","","",""
"乗鞍国際観光株式会社","7221891845591","","","","","","","506-2121","岐阜県高山市丹生川町坊方2119-1","","","","","","","","","","","","","","","6200001025061","","","",""
"株式会社白馬館","1463688369883","","","","","","","399-9301","長野県北安曇郡白馬村大字北城6307","","","","","","","","","","","","","","","1100001017354","","","",""
"白馬観光開発株式会社","2207052504513","","","","","","","399-9301","長野県北安曇郡白馬村大字北城6329-1","","","","","","","","","","","","","","","9100001017371","","","",""
"株式会社白馬フォーティセブン","2419134618861","","","","","","","399-9211","長野県北安曇郡白馬村大字神城24196-47","","","","","","","","","","","","","","","7100001017480","","","",""
"函館山ロープウェイ株式会社","1250561346896","","","","","","","040-0054","北海道函館市元町19-7","","","","","","","","","","","","","","","9440001001770","","","",""
"八戸臨海鉄道株式会社","4971711596402","","","","","","","039-1103","青森県八戸市大字長苗代上亀子谷地9","","","","","","","","","","","","","","","7420001006476","","","",""
"八甲田ロープウエー株式会社","8080239218024","","","","","","","030-0111","青森県青森市大字荒川寒水沢1-12","","","","","","","","","","","","","","","9420001001707","","","",""
"八方尾根開発株式会社","1588773870240","","","","","","","399-9301","長野県北安曇郡白馬村大字北城5713","","","","","","","","","","","","","","","8100001017380","","","",""
"株式会社ハーレスキーリゾート","8925173110242","","","","","","","386-2204","長野県上田市菅平高原1223-146","","","","","","","","","","","","","","","2100001009887","","","",""
"阪堺電気軌道株式会社","4687046620578","","","","","","","558-0033","大阪府大阪市住吉区清水丘三丁目14-72","","","","","","","","","","","","","","","9120001033524","","","",""
"阪急電鉄株式会社","7016866136932","","","","","","","530-0012","大阪府大阪市北区芝田一丁目16-1","","","","","","","","","","","","","","","7120901021811","","","",""
"阪神電気鉄道株式会社","9160669042830","","","","","","","553-0001","大阪府大阪市福島区海老江一丁目1-24","","","","","","","","","","","","","","","3120001036177","","","",""
"阪神バス株式会社","4431778547745","","","","","","","660-0072","兵庫県尼崎市大庄川田町108-1","","","","","","","","","","","","","","","1140001072148","","","",""
"火打山麓振興株式会社","7837365666823","","","","","","","949-1352","新潟県糸魚川市大字能生1941-2","","","","","","","","","","","","","","","2110001021783","","","",""
"飛岳観光株式会社","1926164969258","","","","","","","506-0009","岐阜県高山市花岡町一丁目15","","","","","","","","","","","","","","","3200001025080","","","",""
"一般財団法人東かがわ市スポーツ財団","4147073723623","","","","","","","769-2704","香川県東かがわ市帰来1101","","","","","","","","","","","","","","","8470005004792","","","",""
"東日本旅客鉄道株式会社","6886851261948","","","","","","","151-0053","東京都渋谷区代々木二丁目2-2","","","","","","","","","","","","","","","9011001029597","","","",""
"肥薩おれんじ鉄道株式会社","8055735217823","","","","","","","866-0831","熊本県八代市萩原町一丁目1-1","","","","","","","","","","","","","","","8330001014082","","","",""
"ひたちなか海浜鉄道株式会社","8915012521033","","","","","","","311-1225","茨城県ひたちなか市釈迦町22-2","","","","","","","","","","","","","","","8050001007734","","","",""
"株式会社ヒトクカンパニー","6848346172392","","","","","","","104-0045","東京都中央区築地七丁目4-7","","","","","","","","","","","","","","","7012701008462","","","",""
"株式会社平尾山観光","5965783390936","","","","","","","385-0002","長野県佐久市上平尾2066-1","","","","","","","","","","","","","","","6100001031094","","","",""
"広島観光開発株式会社","4812123473893","","","","","","","730-0053","広島県広島市中区東千田町二丁目9-29","","","","","","","","","","","","","","","7240001009191","","","",""
"広島高速交通株式会社","3693431404061","","","","","","","731-0143","広島県広島市安佐南区長楽寺二丁目12-1","","","","","","","","","","","","","","","6240001009168","","","",""
"広島電鉄株式会社","8454772251084","","","","","","","730-0053","広島県広島市中区東千田町二丁目9-29","","","","","","","","","","","","","","","9240001009470","","","",""
"有限会社ビーシーリフトジャパン","2742364901138","","","","","","","811-3113","福岡県古賀市千鳥六丁目21-15","","","","","","","","","","","","","","","2290002035815","","","",""
"株式会社Ｐ．Ｉ．Ａ．ネクサス","1600304601093","","","","","","","501-5302","岐阜県郡上市高鷲町鷲見512","","","","","","","","","","","","","","","9200001026726","","","",""
"福井鉄道株式会社","7481560616655","","","","","","","915-0802","福井県越前市北府二丁目5-20","","","","","","","","","","","","","","","2210001011931","","","",""
"福島交通株式会社","8468753207912","","","","","","","960-8132","福島県福島市東浜町7-8","","","","","","","","","","","","","","","9380001001389","","","",""
"藤井産業有限会社","1702882575593","","","","","","","747-0004","山口県防府市大字牟礼301-1","","","","","","","","","","","","","","","2250002003395","","","",""
"富士急安達太良観光株式会社","1231857797932","","","","","","","964-0074","福島県二本松市岳温泉一丁目231-1","","","","","","","","","","","","","","","1380001009514","","","",""
"富士急行株式会社","5851985507664","","","","","","","403-0017","山梨県富士吉田市新西原五丁目2-1","","","","","","","","","","","","","","","4090001009986","","","",""
"株式会社富士交通研究所","9159446764325","","","","","","","160-0021","東京都新宿区歌舞伎町二丁目46-7","","","","","","","","","","","","","","","4011101019148","","","",""
"一般社団法人富士見パノラマリゾート","9039498705484","","","","","","","399-0211","長野県諏訪郡富士見町富士見6666-703","","","","","","","","","","","","","","","6100005008031","","","",""
"株式会社Ｂｌｕｅ　Ｒｅｓｏｒｔエコーバレー","4096025257730","","","","","","","386-0600","長野県小県郡長和町姫木平3524番地","","","","","","","","","","","","","","","2100001027781","","","",""
"平成筑豊鉄道株式会社","5092397127613","","","","","","","822-1201","福岡県田川郡福智町金田1145-2","","","","","","","","","","","","","","","3290801016659","","","",""
"別府ロープウェイ株式会社","2844739141624","","","","","","","874-0000","大分県別府市大字南立石向原10-7","","","","","","","","","","","","","","","2320001006549","","","",""
"北条鉄道株式会社","8649817799377","","","","","","","675-2312","兵庫県加西市北条町北条28-2","","","","","","","","","","","","","","","5140001076459","","","",""
"有限会社豊隆軌道","8861420347757","","","","","","","029-0132","岩手県一関市滝沢鶴ケ沢7-20","","","","","","","","","","","","","","","2400502000612","","","",""
"北越急行株式会社","3708209325417","","","","","","","949-6680","新潟県南魚沼市六日町2902-1","","","","","","","","","","","","","","","3110001026526","","","",""
"北総鉄道株式会社","9739381131805","","","","","","","273-0107","千葉県鎌ケ谷市新鎌ケ谷四丁目2-3","","","","","","","","","","","","","","","9040001030372","","","",""
"北陸建設サービス株式会社","6891648132796","","","","","","","950-0916","新潟県新潟市中央区米山四丁目17-3","","","","","","","","","","","","","","","8110001008734","","","",""
"北陸鉄道株式会社","1294942318815","","","","","","","920-0031","石川県金沢市広岡三丁目1-1 金沢パークビル1F","","","","","","","","","","","","","","","1220001006411","","","",""
"北海道高速鉄道開発株式会社","3062583759536","","","","","","","060-0013","北海道札幌市中央区北十三条西十八丁目1","","","","","","","","","","","","","","","3430001011446","","","",""
"株式会社北海道ジェイ・アール・サービスネット","9997550281538","","","","","","","060-0011","北海道札幌市中央区北十一条西十五丁目1-1 JR北海道本社ビル1階","","","","","","","","","","","","","","","4430001012567","","","",""
"北海道リゾート開発株式会社","5372393183431","","","","","","","097-0015","北海道稚内市朝日四丁目2187-1","","","","","","","","","","","","","","","2450001008284","","","",""
"有限会社北海道リフトサポート","9370751497715","","","","","","","061-3361","北海道石狩市八幡四丁目164-6","","","","","","","","","","","","","","","5430002044014","","","",""
"北海道旅客鉄道株式会社","8824819106376","0","2","2025/02/20","0","","https://www.jrhokkaido.co.jp/","060-0011","北海道札幌市中央区北十一条西十五丁目1-1","011-700-5710","代表取締役社長","島田　修","運輸、郵便","鉄道","運輸、郵便","道路輸送","5,000 ～ 10,000","1,000,000 ～ 10,000,000","50,000 ～ 100,000","2025/03","","1987/04","非公開","4430001022657","ショッピング施設,旅客鉄道事業,旅行,バス,ホテル,JR北海道,JR-H,安全第一、安定第二,旭川,指定席,温泉,北海道旅客鉄道株式会社,北秩父別,空席,観光,鉄道,函館,札幌,釧路,予約,帯広,北海道,ショッピング,出張,時刻表","2026新卒募集企業,2027新卒インターン募集企業,2027新卒募集企業,2028新卒インターン募集企業,エンジニアを採用募集している企業,中途採用企業,全省庁統一資格保有企業,内部統制・ｺﾝﾌﾟﾗｲｱﾝｽ推進企業,地域貢献活動を推進している企業,売上300億円以上,売上50億円以上,展示会その他,展示会全体,従業員500人以上,特許出願企業,省エネ法対象業者,表彰企業,補助金受領企業,補助金受領企業環境関連","Display & Video 360,Google アナリティクス,Google アナリティクス 4 プロパティ,Google アナリティクス(gtag),Google カスタム検索エンジン,Google広告,Imperva WAF,やさしいブラウザ・クラウド版",""
"株式会社舞浜リゾートライン","8201975107351","","","","","","","279-0031","千葉県浦安市舞浜二丁目18","","","","","","","","","","","","","","","2040001029990","","","",""
"真基工業株式会社","7285299218919","","","","","","","547-0013","大阪府大阪市平野区長吉長原東三丁目2-39","","","","","","","","","","","","","","","9120001189226","","","",""
"松浦鉄道株式会社","6375906892502","","","","","","","857-0862","長崎県佐世保市白南風町1-10","","","","","","","","","","","","","","","5310001006002","","","",""
"万葉線株式会社","8753051919660","","","","","","","933-0000","富山県高岡市荻布川西68","","","","","","","","","","","","","","","6230001011348","","","",""
"水島臨海鉄道株式会社","3579191171147","","","","","","","712-8033","岡山県倉敷市水島東栄町12-46","","","","","","","","","","","","","","","7260001014867","","","",""
"水間鉄道株式会社","2840601324601","","","","","","","597-0001","大阪府貝塚市近木町2-2","","","","","","","","","","","","","","","9120101038456","","","",""
"御岳登山鉄道株式会社","9892384334327","","","","","","","198-0174","東京都青梅市御岳二丁目483","","","","","","","","","","","","","","","9013101004059","","","",""
"南阿蘇鉄道株式会社","6490812421825","","","","","","","869-1602","熊本県阿蘇郡高森町大字高森1537-2","","","","","","","","","","","","","","","4330001012362","","","",""
"有限会社みなみ信州平谷リゾート","6000389645749","","","","","","","395-0601","長野県下伊那郡平谷村1511","","","","","","","","","","","","","","","2100002037747","","","",""
"身延登山鉄道株式会社","5730233563423","","","","","","","409-2524","山梨県南巨摩郡身延町身延上の山4226-2","","","","","","","","","","","","","","","2090001012323","","","",""
"宮城蔵王観光株式会社","5892299297395","","","","","","","989-0916","宮城県刈田郡蔵王町遠刈田温泉倉石岳国有林311 林班ホ小班内","","","","","","","","","","","","","","","7370101001259","","","",""
"ミヤマリフト株式会社","7166206709436","","","","","","","578-0914","大阪府東大阪市箕輪二丁目6-26","","","","","","","","","","","","","","","3122001007380","","","",""
"妙高観光開発株式会社","7165294051359","","","","","","","103-0022","東京都中央区日本橋室町一丁目8-7 共同江戸橋ビル","","","","","","","","","","","","","","","2010001058514","","","",""
"有限会社美和観光","2363164719557","","","","","","","731-2206","広島県山県郡北広島町移原472-2","","","","","","","","","","","","","","","6240002029818","","","",""
"有限会社名恵工業","5126913011417","","","","","","","509-9132","岐阜県中津川市茄子川1438-9","","","","","","","","","","","","","","","6200002024797","","","",""
"めいほう高原開発株式会社","5886820836977","","","","","","","501-4304","岐阜県郡上市明宝奥住水沢上3447-1","","","","","","","","","","","","","","","1200001026568","","","",""
"真岡鐵道株式会社","7256649495398","","","","","","","321-4306","栃木県真岡市台町2474-1","","","","","","","","","","","","","","","8060001009481","","","",""
"株式会社モリムラ","2192228417856","","","","","","","619-0202","京都府木津川市山城町平尾西ノ辻44","","","","","","","","","","","","","","","1130001036954","","","",""
"特定非営利活動法人森吉山","6236736897810","","","","","","","018-4624","秋田県北秋田市阿仁鍵ノ滝鍵ノ滝79-5","","","","","","","","","","","","","","","2410005003640","","","",""
"野岩鉄道株式会社","1480220641184","","","","","","","321-2521","栃木県日光市藤原326-3","","","","","","","","","","","","","","","2060001008720","","","",""
"八木興産株式会社","2533981820268","","","","","","","460-0014","愛知県名古屋市中区富士見町13-19","","","","","","","","","","","","","","","1180001041537","","","",""
"耶馬渓リフト株式会社","6041150971877","","","","","","","871-0311","大分県中津市本耶馬渓町跡田1441","","","","","","","","","","","","","","","4320001011019","","","",""
"山形鉄道株式会社","2355221563978","","","","","","","993-0084","山形県長井市栄町1-10","","","","","","","","","","","","","","","5390001011201","","","",""
"株式会社山口軌道工業","5814591242461","","","","","","","859-3161","長崎県佐世保市口の尾町135-1","","","","","","","","","","","","","","","1310001007433","","","",""
"山万株式会社","1750137680507","","","","","","","103-0016","東京都中央区日本橋小網町6-1 山万ビル","","","","","","","","","","","","","","","1010001059240","","","",""
"湯沢高原株式会社","1554979728371","","","","","","","949-6101","新潟県南魚沼郡湯沢町大字湯沢490","","","","","","","","","","","","","","","6110001031952","","","",""
"湯の丸観光開発株式会社","1257828258290","","","","","","","389-0500","長野県東御市湯の丸高原1270","","","","","","","","","","","","","","","6100001010899","","","",""
"株式会社ゆりかもめ","2203983297237","","","","","","","135-0063","東京都江東区有明三丁目13-1","","","","","","","","","","","","","","","9010601021591","","","",""
"由利高原鉄道株式会社","3472521101710","","","","","","","015-0404","秋田県由利本荘市矢島町七日町羽坂21-2","","","","","","","","","","","","","","","2410001005244","","","",""
"養老鉄道株式会社","5480126301668","","","","","","","503-0973","岐阜県大垣市木戸町910","","","","","","","","","","","","","","","6200001016399","","","",""
"株式会社養老ロープウェー","7975560753115","","","","","","","503-1316","岐阜県養老郡養老町押越714","","","","","","","","","","","","","","","8200001015119","","","",""
"横浜高速鉄道株式会社","7700729177048","","","","","","","231-0861","神奈川県横浜市中区元町一丁目11","","","","","","","","","","","","","","","1020001029440","","","",""
"株式会社横浜シーサイドライン","2294899710352","","","","","","","236-0003","神奈川県横浜市金沢区幸浦二丁目1-1","","","","","","","","","","","","","","","7020001006954","","","",""
"横向高原リゾート株式会社","1953685330623","","","","","","","969-2751","福島県耶麻郡猪苗代町大字若宮吾妻山甲 国有林194林班","","","","","","","","","","","","","","","5380001017950","","","",""
"吉野大峯ケーブル自動車株式会社","5955696039288","","","","","","","639-3114","奈良県吉野郡吉野町大字丹治207-1","","","","","","","","","","","","","","","5150001016174","","","",""
"四日市あすなろう鉄道株式会社","5207836971878","","","","","","","510-0075","三重県四日市市安島一丁目1-60","","","","","","","","","","","","","","","8190001021663","","","",""
"株式会社ライフスタイルサービス","2545457169328","","","","","","","949-6103","新潟県南魚沼郡湯沢町大字土樽731-79","","","","","","","","","","","","","","","4110001026153","","","",""
"株式会社ライフステップサービス","2343190701625","","","","","","","341-0044","埼玉県三郷市戸ヶ崎2467","","","","","","","","","","","","","","","8030001037337","","","",""
"株式会社ラボ・エンジニア","8128989935502","","","","","","","852-8134","長崎県長崎市大橋町23-12","","","","","","","","","","","","","","","8310001012939","","","",""
"株式会社リフト","8757271518276","","","","","","","604-8135","京都府京都市中京区三文字町219","","","","","","","","","","","","","","","7130001046857","","","",""
"株式会社リフト","7849239692547","","","","","","","150-0002","東京都渋谷区渋谷二丁目14-13 岡崎ビル703","","","","","","","","","","","","","","","6010701029752","","","",""
"株式会社リフト","9923748203766","","","","","","","252-0336","神奈川県相模原市南区当麻346-1","","","","","","","","","","","","","","","4021001031648","","","",""
"隆喜コーポレーション株式会社","9930157445111","","","","","","","557-0016","大阪府大阪市西成区花園北二丁目14-13","","","","","","","","","","","","","","","3120901035014","","","",""
"流鉄株式会社","1643547769955","","","","","","","270-0164","千葉県流山市流山一丁目264","","","","","","","","","","","","","","","3040001038165","","","",""
"株式会社りんゆう観光","6901669068313","","","","","","","060-0909","北海道札幌市東区北九条東二丁目1-8","","","","","","","","","","","","","","","4430001018515","","","",""
"レイモン株式会社","8441305952245","","","","","","","123-0872","東京都足立区江北二丁目25-19","","","","","","","","","","","","","","","9011801018808","","","",""
"株式会社レインボーライン","1377992474892","","","","","","","919-1126","福井県三方郡美浜町日向75-2-6","","","","","","","","","","","","","","","2210001010958","","","",""
"株式会社レザティ","2510984167867","","","","","","","150-0002","東京都渋谷区渋谷三丁目6-6 渋谷パークビル4階","","","","","","","","","","","","","","","8011001025399","","","",""
"若桜鉄道株式会社","6198803416675","","","","","","","680-0701","鳥取県八頭郡若桜町大字若桜345-2","","","","","","","","","","","","","","","3270001002230","","","",""
"ワカサリゾート株式会社","9043244047486","","","","","","","052-0102","北海道有珠郡壮瞥町字昭和新山184","","","","","","","","","","","","","","","1430001056360","","","",""
"若松建軌工業株式会社","4130052547006","","","","","","","510-0056","三重県四日市市南起町5-14","","","","","","","","","","","","","","","4190001005513","","","",""
"和歌山電鐵株式会社","3150586978765","","","","","","","640-0361","和歌山県和歌山市伊太祈曽73","","","","","","","","","","","","","","","9170001005163","","","",""
"わたらせ渓谷鐵道株式会社","5412162277652","","","","","","","376-0101","群馬県みどり市大間々町大間々1603-1","","","","","","","","","","","","","","","1070001016756","","","",""
